[
  {
    "model": "auth.user",
    "pk": 1,
    "fields": {
      "password": "pbkdf2_sha256$1000000$demo1234salt$/JbrFAY/rBgGLSX6KAygvj9dGxAt8QClnGlZoiuYtK4=",
      "last_login": null,
      "is_superuser": true,
      "username": "admin",
      "first_name": "Ali",
      "last_name": "Admin",
      "email": "admin@example.test",
      "is_staff": true,
      "is_active": true,
      "date_joined": "2026-03-01T08:00:00Z",
      "groups": [],
      "user_permissions": []
    }
  },
  {
    "model": "auth.user",
    "pk": 2,
    "fields": {
      "password": "pbkdf2_sha256$1000000$demo1234salt$/JbrFAY/rBgGLSX6KAygvj9dGxAt8QClnGlZoiuYtK4=",
      "last_login": null,
      "is_superuser": false,
      "username": "po",
      "first_name": "Nina",
      "last_name": "PO",
      "email": "po@example.test",
      "is_staff": false,
      "is_active": true,
      "date_joined": "2026-03-01T08:05:00Z",
      "groups": [],
      "user_permissions": []
    }
  },
  {
    "model": "auth.user",
    "pk": 3,
    "fields": {
      "password": "pbkdf2_sha256$1000000$demo1234salt$/JbrFAY/rBgGLSX6KAygvj9dGxAt8QClnGlZoiuYtK4=",
      "last_login": null,
      "is_superuser": false,
      "username": "sm",
      "first_name": "Mehdi",
      "last_name": "SM",
      "email": "sm@example.test",
      "is_staff": false,
      "is_active": true,
      "date_joined": "2026-03-01T08:10:00Z",
      "groups": [],
      "user_permissions": []
    }
  },
  {
    "model": "auth.user",
    "pk": 4,
    "fields": {
      "password": "pbkdf2_sha256$1000000$demo1234salt$/JbrFAY/rBgGLSX6KAygvj9dGxAt8QClnGlZoiuYtK4=",
      "last_login": null,
      "is_superuser": false,
      "username": "dev",
      "first_name": "Sara",
      "last_name": "Dev",
      "email": "dev@example.test",
      "is_staff": false,
      "is_active": true,
      "date_joined": "2026-03-01T08:15:00Z",
      "groups": [],
      "user_permissions": []
    }
  },
  {
    "model": "auth.user",
    "pk": 5,
    "fields": {
      "password": "pbkdf2_sha256$1000000$demo1234salt$/JbrFAY/rBgGLSX6KAygvj9dGxAt8QClnGlZoiuYtK4=",
      "last_login": null,
      "is_superuser": false,
      "username": "test",
      "first_name": "Léo",
      "last_name": "Test",
      "email": "test@example.test",
      "is_staff": false,
      "is_active": true,
      "date_joined": "2026-03-01T08:20:00Z",
      "groups": [],
      "user_permissions": []
    }
  },
  {
    "model": "auth.user",
    "pk": 6,
    "fields": {
      "password": "pbkdf2_sha256$1000000$demo1234salt$/JbrFAY/rBgGLSX6KAygvj9dGxAt8QClnGlZoiuYtK4=",
      "last_login": null,
      "is_superuser": false,
      "username": "viewer",
      "first_name": "Maya",
      "last_name": "Viewer",
      "email": "viewer@example.test",
      "is_staff": false,
      "is_active": true,
      "date_joined": "2026-03-01T08:25:00Z",
      "groups": [],
      "user_permissions": []
    }
  },
  {
    "model": "scrum.project",
    "pk": 1,
    "fields": {
      "image": "project_icons/default.png",
      "name": "SNA - Suivi des Notes Académiques",
      "code": "SNA",
      "description": "Petit projet étudiant pour gérer les notes, consulter les résultats et calculer une moyenne générale.",
      "board_type": "scrum",
      "project_type": "software",
      "start_date": "2026-03-01",
      "end_date": "2026-05-31",
      "created_by": 1,
      "effort_unit": "story_points",
      "sprint_duration": 14,
      "global_capacity": 24,
      "created_at": "2026-03-01T09:00:00Z",
      "updated_at": "2026-03-31T16:00:00Z"
    }
  },
  {
    "model": "scrum.membership",
    "pk": 1,
    "fields": {
      "user": 2,
      "project": 1,
      "role": "contributor",
      "team_role": "product_owner",
      "capacity_per_sprint": 5,
      "joined_at": "2026-03-01T09:05:00Z"
    }
  },
  {
    "model": "scrum.membership",
    "pk": 2,
    "fields": {
      "user": 3,
      "project": 1,
      "role": "contributor",
      "team_role": "scrum_master",
      "capacity_per_sprint": 5,
      "joined_at": "2026-03-01T09:05:00Z"
    }
  },
  {
    "model": "scrum.membership",
    "pk": 3,
    "fields": {
      "user": 4,
      "project": 1,
      "role": "contributor",
      "team_role": "developer",
      "capacity_per_sprint": 10,
      "joined_at": "2026-03-01T09:05:00Z"
    }
  },
  {
    "model": "scrum.membership",
    "pk": 4,
    "fields": {
      "user": 5,
      "project": 1,
      "role": "contributor",
      "team_role": "tester",
      "capacity_per_sprint": 6,
      "joined_at": "2026-03-01T09:05:00Z"
    }
  },
  {
    "model": "scrum.membership",
    "pk": 5,
    "fields": {
      "user": 6,
      "project": 1,
      "role": "read-only",
      "team_role": "other",
      "capacity_per_sprint": 2,
      "joined_at": "2026-03-01T09:05:00Z"
    }
  },
  {
    "model": "scrum.sprint",
    "pk": 1,
    "fields": {
      "project": 1,
      "name": "Sprint 1 - Connexion",
      "goals": "Mettre en place la connexion et l'accès au profil utilisateur.",
      "status": "completed",
      "start_date": "2026-03-02",
      "end_date": "2026-03-15",
      "sprint_capacity": 16,
      "created_at": "2026-03-01T10:00:00Z"
    }
  },
  {
    "model": "scrum.sprint",
    "pk": 2,
    "fields": {
      "project": 1,
      "name": "Sprint 2 - Gestion des notes",
      "goals": "Ajouter, modifier et consulter les notes dans le sprint actif.",
      "status": "active",
      "start_date": "2026-03-25",
      "end_date": "2026-04-07",
      "sprint_capacity": 20,
      "created_at": "2026-03-20T10:00:00Z"
    }
  },
  {
    "model": "scrum.sprint",
    "pk": 3,
    "fields": {
      "project": 1,
      "name": "Sprint 3 - Tableau de bord",
      "goals": "Afficher la moyenne générale et un petit résumé visuel.",
      "status": "planned",
      "start_date": "2026-04-08",
      "end_date": "2026-04-21",
      "sprint_capacity": 18,
      "created_at": "2026-03-31T10:00:00Z"
    }
  },
  {
    "model": "scrum.ticket",
    "pk": 1,
    "fields": {
      "project": 1,
      "parent": null,
      "column": null,
      "title": "Authentification",
      "description": "Epic du premier sprint : permettre de se connecter et de consulter son profil.",
      "labels": "auth,profil",
      "type": "epic",
      "status": "done",
      "priority": "high",
      "story_points": 8,
      "attachments": "",
      "due_date": "2026-03-15",
      "start_date": "2026-03-02",
      "assignee": 3,
      "requester": 2,
      "backlog_order": 1,
      "board_order": 1.0,
      "created_at": "2026-03-02T09:00:00Z",
      "updated_at": "2026-03-15T17:00:00Z"
    }
  },
  {
    "model": "scrum.ticket",
    "pk": 2,
    "fields": {
      "project": 1,
      "parent": 1,
      "column": null,
      "title": "Se connecter à l'application",
      "description": "L'utilisateur peut se connecter avec son identifiant et son mot de passe.",
      "labels": "auth,login",
      "type": "user story",
      "status": "done",
      "priority": "highest",
      "story_points": 5,
      "attachments": "",
      "due_date": "2026-03-10",
      "start_date": "2026-03-02",
      "assignee": 4,
      "requester": 2,
      "backlog_order": 2,
      "board_order": 2.0,
      "created_at": "2026-03-02T09:30:00Z",
      "updated_at": "2026-03-10T16:00:00Z"
    }
  },
  {
    "model": "scrum.ticket",
    "pk": 3,
    "fields": {
      "project": 1,
      "parent": 2,
      "column": null,
      "title": "Créer le formulaire de connexion",
      "description": "Créer une page simple avec identifiant et mot de passe.",
      "labels": "frontend,auth",
      "type": "task",
      "status": "done",
      "priority": "high",
      "story_points": 2,
      "attachments": "",
      "due_date": "2026-03-05",
      "start_date": "2026-03-02",
      "assignee": 4,
      "requester": 3,
      "backlog_order": 3,
      "board_order": 3.0,
      "created_at": "2026-03-02T10:00:00Z",
      "updated_at": "2026-03-04T11:00:00Z"
    }
  },
  {
    "model": "scrum.ticket",
    "pk": 4,
    "fields": {
      "project": 1,
      "parent": 2,
      "column": null,
      "title": "Vérifier les identifiants côté serveur",
      "description": "Valider les données avant d'ouvrir la session utilisateur.",
      "labels": "backend,auth",
      "type": "task",
      "status": "done",
      "priority": "high",
      "story_points": 3,
      "attachments": "",
      "due_date": "2026-03-08",
      "start_date": "2026-03-03",
      "assignee": 4,
      "requester": 3,
      "backlog_order": 4,
      "board_order": 4.0,
      "created_at": "2026-03-03T09:00:00Z",
      "updated_at": "2026-03-08T15:00:00Z"
    }
  },
  {
    "model": "scrum.ticket",
    "pk": 5,
    "fields": {
      "project": 1,
      "parent": 2,
      "column": null,
      "title": "Corriger le message d'erreur de connexion",
      "description": "Le message d'erreur est plus clair quand le mot de passe est incorrect.",
      "labels": "bug,auth",
      "type": "bug",
      "status": "done",
      "priority": "medium",
      "story_points": 1,
      "attachments": "",
      "due_date": "2026-03-09",
      "start_date": "2026-03-07",
      "assignee": 5,
      "requester": 4,
      "backlog_order": 5,
      "board_order": 5.0,
      "created_at": "2026-03-07T13:00:00Z",
      "updated_at": "2026-03-09T10:00:00Z"
    }
  },
  {
    "model": "scrum.ticket",
    "pk": 6,
    "fields": {
      "project": 1,
      "parent": null,
      "column": null,
      "title": "Gestion des notes",
      "description": "Epic principal du projet : ajouter, modifier, afficher et corriger les notes.",
      "labels": "notes,crud",
      "type": "epic",
      "status": "in_progress",
      "priority": "highest",
      "story_points": 13,
      "attachments": "",
      "due_date": "2026-04-21",
      "start_date": "2026-03-20",
      "assignee": 3,
      "requester": 2,
      "backlog_order": 6,
      "board_order": 6.0,
      "created_at": "2026-03-20T09:00:00Z",
      "updated_at": "2026-03-31T14:00:00Z"
    }
  },
  {
    "model": "scrum.ticket",
    "pk": 7,
    "fields": {
      "project": 1,
      "parent": 6,
      "column": null,
      "title": "Ajouter une note par cours",
      "description": "Un enseignant peut encoder une note avec le cours, la valeur et le coefficient.",
      "labels": "notes,ajout",
      "type": "user story",
      "status": "in_progress",
      "priority": "highest",
      "story_points": 5,
      "attachments": "",
      "due_date": "2026-04-03",
      "start_date": "2026-03-25",
      "assignee": 4,
      "requester": 2,
      "backlog_order": 7,
      "board_order": 7.0,
      "created_at": "2026-03-25T09:00:00Z",
      "updated_at": "2026-03-31T09:30:00Z"
    }
  },
  {
    "model": "scrum.ticket",
    "pk": 8,
    "fields": {
      "project": 1,
      "parent": 7,
      "column": null,
      "title": "Créer le formulaire d'ajout de note",
      "description": "Créer un formulaire simple pour encoder une note.",
      "labels": "frontend,notes",
      "type": "task",
      "status": "done",
      "priority": "high",
      "story_points": 2,
      "attachments": "",
      "due_date": "2026-03-27",
      "start_date": "2026-03-25",
      "assignee": 4,
      "requester": 3,
      "backlog_order": 8,
      "board_order": 8.0,
      "created_at": "2026-03-25T09:30:00Z",
      "updated_at": "2026-03-27T16:00:00Z"
    }
  },
  {
    "model": "scrum.ticket",
    "pk": 9,
    "fields": {
      "project": 1,
      "parent": 7,
      "column": null,
      "title": "Calculer la moyenne après ajout",
      "description": "Recalculer automatiquement la moyenne générale après l'ajout d'une note.",
      "labels": "backend,moyenne",
      "type": "task",
      "status": "in_progress",
      "priority": "high",
      "story_points": 3,
      "attachments": "",
      "due_date": "2026-04-02",
      "start_date": "2026-03-27",
      "assignee": 4,
      "requester": 3,
      "backlog_order": 9,
      "board_order": 9.0,
      "created_at": "2026-03-27T10:00:00Z",
      "updated_at": "2026-03-31T15:30:00Z"
    }
  },
  {
    "model": "scrum.ticket",
    "pk": 10,
    "fields": {
      "project": 1,
      "parent": 6,
      "column": null,
      "title": "Modifier ou supprimer une note",
      "description": "Permettre de corriger une note encodée par erreur.",
      "labels": "notes,edition",
      "type": "user story",
      "status": "todo",
      "priority": "high",
      "story_points": 5,
      "attachments": "",
      "due_date": "2026-04-05",
      "start_date": "2026-03-28",
      "assignee": 4,
      "requester": 2,
      "backlog_order": 10,
      "board_order": 10.0,
      "created_at": "2026-03-28T09:00:00Z",
      "updated_at": "2026-03-30T11:00:00Z"
    }
  },
  {
    "model": "scrum.ticket",
    "pk": 11,
    "fields": {
      "project": 1,
      "parent": 10,
      "column": null,
      "title": "Bug sur la validation des coefficients",
      "description": "Le coefficient 0 est accepté alors qu'il devrait être refusé.",
      "labels": "bug,validation",
      "type": "bug",
      "status": "todo",
      "priority": "medium",
      "story_points": 2,
      "attachments": "",
      "due_date": "2026-04-04",
      "start_date": "2026-03-29",
      "assignee": 5,
      "requester": 4,
      "backlog_order": 11,
      "board_order": 11.0,
      "created_at": "2026-03-29T14:00:00Z",
      "updated_at": "2026-03-30T12:00:00Z"
    }
  },
  {
    "model": "scrum.ticket",
    "pk": 12,
    "fields": {
      "project": 1,
      "parent": 6,
      "column": null,
      "title": "Consulter la liste des notes",
      "description": "L'étudiant peut consulter ses notes déjà enregistrées.",
      "labels": "notes,lecture",
      "type": "user story",
      "status": "done",
      "priority": "medium",
      "story_points": 3,
      "attachments": "",
      "due_date": "2026-03-31",
      "start_date": "2026-03-25",
      "assignee": 4,
      "requester": 2,
      "backlog_order": 12,
      "board_order": 12.0,
      "created_at": "2026-03-25T11:00:00Z",
      "updated_at": "2026-03-30T17:00:00Z"
    }
  },
  {
    "model": "scrum.ticket",
    "pk": 13,
    "fields": {
      "project": 1,
      "parent": 12,
      "column": null,
      "title": "Afficher le tableau des notes",
      "description": "Afficher les notes dans un tableau lisible avec le cours et le coefficient.",
      "labels": "frontend,tableau",
      "type": "task",
      "status": "done",
      "priority": "medium",
      "story_points": 2,
      "attachments": "",
      "due_date": "2026-03-30",
      "start_date": "2026-03-26",
      "assignee": 4,
      "requester": 3,
      "backlog_order": 13,
      "board_order": 13.0,
      "created_at": "2026-03-26T10:00:00Z",
      "updated_at": "2026-03-29T18:00:00Z"
    }
  },
  {
    "model": "scrum.ticket",
    "pk": 14,
    "fields": {
      "project": 1,
      "parent": null,
      "column": null,
      "title": "Tableau de bord",
      "description": "Epic pour le résumé global du projet et l'affichage de la moyenne.",
      "labels": "dashboard,stats",
      "type": "epic",
      "status": "open",
      "priority": "medium",
      "story_points": 8,
      "attachments": "",
      "due_date": "2026-04-21",
      "start_date": "2026-03-31",
      "assignee": 3,
      "requester": 2,
      "backlog_order": 14,
      "board_order": 14.0,
      "created_at": "2026-03-31T09:00:00Z",
      "updated_at": "2026-03-31T09:00:00Z"
    }
  },
  {
    "model": "scrum.ticket",
    "pk": 15,
    "fields": {
      "project": 1,
      "parent": 14,
      "column": null,
      "title": "Afficher la moyenne générale sur l'accueil",
      "description": "Ajouter une petite carte avec la moyenne générale sur la page principale.",
      "labels": "dashboard,moyenne",
      "type": "user story",
      "status": "todo",
      "priority": "medium",
      "story_points": 5,
      "attachments": "",
      "due_date": "2026-04-15",
      "start_date": "2026-04-08",
      "assignee": 4,
      "requester": 2,
      "backlog_order": 15,
      "board_order": 15.0,
      "created_at": "2026-03-31T09:30:00Z",
      "updated_at": "2026-03-31T09:30:00Z"
    }
  },
  {
    "model": "scrum.ticket",
    "pk": 16,
    "fields": {
      "project": 1,
      "parent": 14,
      "column": null,
      "title": "Exporter les notes en PDF",
      "description": "Prévoir un export simple pour un futur relevé de notes.",
      "labels": "pdf,export",
      "type": "user story",
      "status": "todo",
      "priority": "low",
      "story_points": 3,
      "attachments": "",
      "due_date": "2026-04-18",
      "start_date": "2026-04-08",
      "assignee": 4,
      "requester": 2,
      "backlog_order": 16,
      "board_order": 16.0,
      "created_at": "2026-03-31T10:00:00Z",
      "updated_at": "2026-03-31T10:00:00Z"
    }
  },
  {
    "model": "scrum.sprintticket",
    "pk": 1,
    "fields": {
      "sprint": 1,
      "ticket": 2,
      "added_at": "2026-03-01T12:00:00Z",
      "position": 1
    }
  },
  {
    "model": "scrum.sprintticket",
    "pk": 2,
    "fields": {
      "sprint": 1,
      "ticket": 3,
      "added_at": "2026-03-01T12:00:00Z",
      "position": 2
    }
  },
  {
    "model": "scrum.sprintticket",
    "pk": 3,
    "fields": {
      "sprint": 1,
      "ticket": 4,
      "added_at": "2026-03-01T12:00:00Z",
      "position": 3
    }
  },
  {
    "model": "scrum.sprintticket",
    "pk": 4,
    "fields": {
      "sprint": 1,
      "ticket": 5,
      "added_at": "2026-03-01T12:00:00Z",
      "position": 4
    }
  },
  {
    "model": "scrum.sprintticket",
    "pk": 5,
    "fields": {
      "sprint": 2,
      "ticket": 7,
      "added_at": "2026-03-20T12:00:00Z",
      "position": 1
    }
  },
  {
    "model": "scrum.sprintticket",
    "pk": 6,
    "fields": {
      "sprint": 2,
      "ticket": 8,
      "added_at": "2026-03-20T12:00:00Z",
      "position": 2
    }
  },
  {
    "model": "scrum.sprintticket",
    "pk": 7,
    "fields": {
      "sprint": 2,
      "ticket": 9,
      "added_at": "2026-03-20T12:00:00Z",
      "position": 3
    }
  },
  {
    "model": "scrum.sprintticket",
    "pk": 8,
    "fields": {
      "sprint": 2,
      "ticket": 10,
      "added_at": "2026-03-20T12:00:00Z",
      "position": 4
    }
  },
  {
    "model": "scrum.sprintticket",
    "pk": 9,
    "fields": {
      "sprint": 2,
      "ticket": 11,
      "added_at": "2026-03-20T12:00:00Z",
      "position": 5
    }
  },
  {
    "model": "scrum.sprintticket",
    "pk": 10,
    "fields": {
      "sprint": 2,
      "ticket": 12,
      "added_at": "2026-03-20T12:00:00Z",
      "position": 6
    }
  },
  {
    "model": "scrum.sprintticket",
    "pk": 11,
    "fields": {
      "sprint": 2,
      "ticket": 13,
      "added_at": "2026-03-20T12:00:00Z",
      "position": 7
    }
  },
  {
    "model": "scrum.sprintticket",
    "pk": 12,
    "fields": {
      "sprint": 3,
      "ticket": 15,
      "added_at": "2026-03-20T12:00:00Z",
      "position": 1
    }
  },
  {
    "model": "scrum.sprintticket",
    "pk": 13,
    "fields": {
      "sprint": 3,
      "ticket": 16,
      "added_at": "2026-03-20T12:00:00Z",
      "position": 2
    }
  },
  {
    "model": "scrum.comment",
    "pk": 1,
    "fields": {
      "ticket": 7,
      "author": 3,
      "content": "La structure est prête. Il reste surtout le calcul côté backend.",
      "created_at": "2026-03-31T09:45:00Z",
      "updated_at": "2026-03-31T09:45:00Z"
    }
  },
  {
    "model": "scrum.comment",
    "pk": 2,
    "fields": {
      "ticket": 10,
      "author": 5,
      "content": "Prévoir une confirmation avant la suppression d'une note.",
      "created_at": "2026-03-30T13:10:00Z",
      "updated_at": "2026-03-30T13:10:00Z"
    }
  },
  {
    "model": "scrum.comment",
    "pk": 3,
    "fields": {
      "ticket": 12,
      "author": 2,
      "content": "La liste des notes est claire pour la démo, c'est nickel.",
      "created_at": "2026-03-30T17:15:00Z",
      "updated_at": "2026-03-30T17:15:00Z"
    }
  },
  {
    "model": "scrum.comment",
    "pk": 4,
    "fields": {
      "ticket": 11,
      "author": 4,
      "content": "Le bug est simple, je le garde pour la fin du sprint.",
      "created_at": "2026-03-30T12:20:00Z",
      "updated_at": "2026-03-30T12:20:00Z"
    }
  },
  {
    "model": "scrum.activity",
    "pk": 1,
    "fields": {
      "user": 3,
      "project": 1,
      "ticket": null,
      "sprint": 1,
      "action": "create_sprint",
      "description": "Création du sprint 1 pour la partie connexion.",
      "created_at": "2026-03-01T10:05:00Z"
    }
  },
  {
    "model": "scrum.activity",
    "pk": 2,
    "fields": {
      "user": 2,
      "project": 1,
      "ticket": 2,
      "sprint": null,
      "action": "create_ticket",
      "description": "Création de la user story de connexion.",
      "created_at": "2026-03-02T09:31:00Z"
    }
  },
  {
    "model": "scrum.activity",
    "pk": 3,
    "fields": {
      "user": 3,
      "project": 1,
      "ticket": null,
      "sprint": 2,
      "action": "create_sprint",
      "description": "Création du sprint 2 pour la gestion des notes.",
      "created_at": "2026-03-20T10:05:00Z"
    }
  },
  {
    "model": "scrum.activity",
    "pk": 4,
    "fields": {
      "user": 2,
      "project": 1,
      "ticket": 7,
      "sprint": null,
      "action": "assign",
      "description": "La user story d'ajout de note a été attribuée au développeur.",
      "created_at": "2026-03-25T09:05:00Z"
    }
  },
  {
    "model": "scrum.activity",
    "pk": 5,
    "fields": {
      "user": 4,
      "project": 1,
      "ticket": 7,
      "sprint": null,
      "action": "update_description",
      "description": "Description de la user story d'ajout de note complétée.",
      "created_at": "2026-03-25T09:10:00Z"
    }
  },
  {
    "model": "scrum.activity",
    "pk": 6,
    "fields": {
      "user": 4,
      "project": 1,
      "ticket": 8,
      "sprint": null,
      "action": "status_change",
      "description": "Le formulaire d'ajout de note est passé à Done.",
      "created_at": "2026-03-27T16:01:00Z"
    }
  },
  {
    "model": "scrum.activity",
    "pk": 7,
    "fields": {
      "user": 5,
      "project": 1,
      "ticket": 11,
      "sprint": null,
      "action": "comment",
      "description": "Ajout d'une remarque sur le bug de validation.",
      "created_at": "2026-03-30T13:11:00Z"
    }
  },
  {
    "model": "scrum.activity",
    "pk": 8,
    "fields": {
      "user": 4,
      "project": 1,
      "ticket": 12,
      "sprint": null,
      "action": "status_change",
      "description": "La consultation des notes est terminée.",
      "created_at": "2026-03-30T17:01:00Z"
    }
  }
]